model_name	kendall_tau_coefficient	p_value
VSM_sim=cosine_up=tfidf_ip=binary_load=ChainedKG	0.006278752148035025	0.48566436974173033
AttributeItemKNN_nn=20_sim=cosine_bin=False_load=ChainedKG	0.0027691884572723885	0.4936721124216732
AttributeUserKNN_nn=60_sim=cosine_profile=binary_bin=False_load=ChainedKG	0.04089174003324302	0.4532595952332176
ItemKNN_nn=100_sim=cosine_imp=standard_bin=False_shrink=0_norm=True_asymalpha=_tvalpha=_tvbeta=_rweights=	-0.0016954789372690604	0.48377067403234764
UserKNN_nn=60_sim=cosine_imp=standard_bin=False_shrink=0_norm=True_asymalpha=_tvalpha=_tvbeta=_rweights=	0.03821232397361777	0.43542628064793526
EASER_neighborhood=2234_l2_norm=18374136$168271586	0.05237050733145788	0.41492777652450935
RP3beta_neighborhood=29_alpha=1$596217202535946_beta=0$2874229165090889_normalize_similarity=True	0.013848614098159642	0.48126800065964187
MostPop	0.045249151954570084	0.4348376778047551
Random_seed=42	0.0002741149071962135	0.4937414733661154
