model	nDCG	Recall	Precision	nDCGRendle2020	HR	F1	MAP	MAR	MRR	ACLT	APLT	ARP	PopREO	PopRSP	ItemCoverage	UserCoverage	Gini	SEntropy	EFD	EPC
output_EXP_2_no_rerank	0.06718718663019803	0.034732983252344425	0.06812080536912751	0.08055390404884095	0.4211409395973154	0.03782583286895246	0.08652664589325663	0.022084020038711613	0.19141498881431768	0.0	0.0	108.63204697986576	1.0	1.0	26.0	596.0	0.006139496283466772	3.9247089711274548	0.6409980956970702	0.058185686826732544
