model	nDCG	Recall	Precision	nDCGRendle2020	HR	F1	MAP	MAR	MRR	ACLT	APLT	ARP	PopREO	PopRSP	ItemCoverage	UserCoverage	Gini	SEntropy	EFD	EPC
EASER_neighborhood=2234_l2_norm=826$1068781180943	0.02107466121169412	0.03482733284349743	0.007935341660543719	0.021074661211694122	0.07567964731814843	0.012673170571774538	0.008435761519890837	0.020301249081557678	0.023910406680428722	0.03232916972814107	0.0032329169728141077	120.47310800881704	0.8982476317302746	0.9971273899901121	252.0	1361.0	0.01366122286338145	5.286495966249955	0.06328076750640804	0.007569337779816263
