model	nDCG	Recall	Precision	nDCGRendle2020	HR	F1	MAP	MAR	MRR	ACLT	APLT	ARP	PopREO	PopRSP	ItemCoverage	UserCoverage	Gini	SEntropy	EFD	EPC
EASER_neighborhood=2234_l2_norm=826$1068781180943	0.053089642865122716	0.1552779818760715	0.007097722263041882	0.053089642865122716	0.30639235855988245	0.013491883497738695	0.007593533239949094	0.08240631888317414	0.033335840915528214	0.49301983835415136	0.009860396767083028	62.045980896399705	0.9463016499225351	0.9912060458076687	1045.0	1361.0	0.05553678326538025	7.290770277917892	0.060720916505160594	0.0070166420685465036
