model	nDCG	Recall	Precision	nDCGRendle2020	HR	F1	MAP	MAR	MRR	ACLT	APLT	ARP	PopREO	PopRSP	ItemCoverage	UserCoverage	Gini	SEntropy	EFD	EPC
EASER_neighborhood=2234_l2_norm=826$1068781180943	0.0318069699815584	0.06889542003428852	0.007935341660543719	0.0318069699815584	0.14768552534900808	0.014049093523265327	0.008018160388306007	0.03621356845456772	0.02852732877889098	0.09772226304188097	0.004886113152094048	92.87744305657606	0.9485121827955343	0.9956544363757237	478.0	1361.0	0.02434963754226982	6.093733081700565	0.06434190530556323	0.007572800700799684
