model	nDCG	Recall	Precision	nDCGRendle2020	HR	F1	MAP	MAR	MRR	ACLT	APLT	ARP	PopREO	PopRSP	ItemCoverage	UserCoverage	Gini	SEntropy	EFD	EPC
output_EXP_2_elliot	0.0023893554769405015	0.006955922865013774	0.0008264462809917355	0.002389355476940501	0.015702479338842976	0.001464013887657438	0.00041617603619305125	0.0024139118457300276	0.0013150846891539776	6.047107438016529	0.30235537190082645	63.1693388429752	0.011272920799264551	0.31424273730400865	41.0	1187.0	0.010235039088271614	4.330608620674271	0.005663486472668102	0.0005931267874790782
