model	nDCG	Recall	Precision	nDCGRendle2020	HR	F1	MAP	MAR	MRR	ACLT	APLT	ARP	PopREO	PopRSP	ItemCoverage	UserCoverage	Gini	SEntropy	EFD	EPC
output_EXP_2_elliot	0.004952119353129492	0.018002754820936637	0.0007603305785123968	0.004952119353129493	0.03553719008264463	0.001450984302545011	0.000625721704810388	0.0084267217630854	0.0018673623353087352	10.550413223140495	0.24192785298272915	64.19365595838701	0.30921204830426136	0.48164941613902224	57.0	1187.0	0.01939291573988855	5.09207060997853	0.006524033947103099	0.0006871005050512172
