model	nDCG	Recall	Precision	nDCGRendle2020	HR	F1	MAP	MAR	MRR	ACLT	APLT	ARP	PopREO	PopRSP	ItemCoverage	UserCoverage	Gini	SEntropy	EFD	EPC
output_EXP_2_elliot	0.0007158888425866115	0.0016528925619834708	0.00041322314049586776	0.0007158888425866115	0.004132231404958678	0.0006569188387370205	0.00017971927062836158	0.0005922865013774104	0.000573921028466483	2.6842975206611572	0.2684297520661157	70.70553719008264	1.0	0.4491006146468003	30.0	1187.0	0.007367620741266401	3.768849127034352	0.0019047032451206306	0.00025955955493693443
