model	nDCG	Recall	Precision	nDCGRendle2020	HR	F1	MAP	MAR	MRR	ACLT	APLT	ARP	PopREO	PopRSP	ItemCoverage	UserCoverage	Gini	SEntropy	EFD	EPC
output_EXP_2_elliot	0.12519869783197776	0.14268399476437485	0.04463121783876501	0.12030239359586474	0.6260720411663808	0.05782926115213936	0.07365045018156363	0.09919819087092571	0.26290651284619393	0.34133790737564323	0.011126972535502985	105.80876100639206	1.0	0.9776225542899936	217.0	561.0	0.025453650112653436	5.769168066184852	0.7034781643467679	0.06359772169438277
