model	nDCG	Recall	Precision	nDCGRendle2020	HR	F1	MAP	MAR	MRR	ACLT	APLT	ARP	PopREO	PopRSP	ItemCoverage	UserCoverage	Gini	SEntropy	EFD	EPC
output_EXP_2_elliot	0.11102099846350957	0.09221160999505286	0.07564322469982848	0.11302449979896378	0.5591766723842195	0.06772126060636122	0.09369870132815943	0.054807324505626226	0.26036696450929175	0.0634648370497427	0.003264448326951978	109.48241509947614	1.0	0.9937971016211182	156.0	561.0	0.019585211585469442	5.414011909246754	0.7367692035353676	0.06645789579292359
