model	nDCG	Recall	Precision	nDCGRendle2020	HR	F1	MAP	MAR	MRR	ACLT	APLT	ARP	PopREO	PopRSP	ItemCoverage	UserCoverage	Gini	SEntropy	EFD	EPC
output_EXP_2_elliot	0.09665409077692916	0.05251268791662336	0.08250428816466553	0.10584939701809354	0.4562607204116638	0.05323214076232176	0.10864453156905986	0.03522077977355795	0.252992186011054	0.0137221269296741	0.00137221269296741	113.49705954422934	1.0	0.9976280506884998	105.0	561.0	0.013264670427696523	4.86570568774483	0.799668564683061	0.07177976555774991
