model_name	jaccard_coefficient
PaLM	0.22431563791351528
ChatGPT	0.25473436408929223
