model_name	jaccard_coefficient
PaLM	0.23323073824131982
ChatGPT	0.2683174340570921
