model_name	jaccard_coefficient
PaLM	0.1805322886895299
ChatGPT	0.2060413702975072
