model_name	kendall_tau_coefficient	p_value
PaLM	0.06261739492205172	0.3767699311629255
ChatGPT	0.06479271226351298	0.3600605830100989
