model_name	kendall_tau_coefficient	p_value
PaLM	0.06183389240890815	0.4438573265155812
ChatGPT	0.048986663473866994	0.4601516654243361
