model_name	kendall_tau_coefficient	p_value
PaLM	0.04569949936241483	0.5209950590860588
ChatGPT	0.026982707860898143	0.515010105240434
