model_name	kendall_tau_coefficient	p_value
VSM_sim=cosine_up=tfidf_ip=binary_load=ItemAttributes	0.013303958547318362	0.5249978065632142
AttributeItemKNN_nn=40_sim=correlation_bin=False_load=ItemAttributes	0.011098852588428259	0.532379503884035
AttributeUserKNN_nn=100_sim=correlation_profile=binary_bin=False_load=ItemAttributes	0.023103288258993052	0.5377422873493559
ItemKNN_nn=100_sim=cosine_imp=standard_bin=False_shrink=0_norm=True_asymalpha=_tvalpha=_tvbeta=_rweights=	0.016892612550820255	0.5229309767172533
UserKNN_nn=100_sim=cosine_imp=standard_bin=False_shrink=0_norm=True_asymalpha=_tvalpha=_tvbeta=_rweights=	0.019873456898271406	0.5336364539774385
EASER_neighborhood=1507_l2_norm=28754079$46612463	0.03114006765269902	0.5385818011847625
RP3beta_neighborhood=507_alpha=1$0180281935718316_beta=0$41875971052261285_normalize_similarity=True	0.02605888156600736	0.5330160905803235
MostPop	0.006489254432485173	0.5638679007664709
Random_seed=42	-0.0072220159691703985	0.5259396526727923
