model_name	kendall_tau_coefficient	p_value
VSM_sim=cosine_up=tfidf_ip=binary_load=ItemAttributes	0.020037934027968753	0.48755134841140974
AttributeItemKNN_nn=40_sim=correlation_bin=False_load=ItemAttributes	0.013178280946846003	0.49967222614254037
AttributeUserKNN_nn=100_sim=correlation_profile=binary_bin=False_load=ItemAttributes	0.020769863000485073	0.49823101538076114
ItemKNN_nn=100_sim=cosine_imp=standard_bin=False_shrink=0_norm=True_asymalpha=_tvalpha=_tvbeta=_rweights=	0.019111519982508582	0.4822213033818586
UserKNN_nn=100_sim=cosine_imp=standard_bin=False_shrink=0_norm=True_asymalpha=_tvalpha=_tvbeta=_rweights=	0.01728556766623345	0.49885387193803693
EASER_neighborhood=1507_l2_norm=28754079$46612463	0.029542424225172125	0.48448985491920327
RP3beta_neighborhood=507_alpha=1$0180281935718316_beta=0$41875971052261285_normalize_similarity=True	0.02725491517999705	0.49264568773865697
MostPop	0.012187656649073382	0.5478577457133598
Random_seed=42	-0.002042647795151056	0.5149444860911166
