model	nDCG	Recall	Precision	nDCGRendle2020	HR	F1	MAP	MAR	MRR	ACLT	APLT	ARP	PopREO	PopRSP	ItemCoverage	UserCoverage	Gini	SEntropy	EFD	EPC
output_EXP_2_no_rerank	0.01148311422463048	0.044489346069066855	0.0018956649522409994	0.01148311422463048	0.08890521675238795	0.0036172593910302276	0.0010792275782012146	0.017050208180259614	0.003486839229688804	20.969875091844234	0.4396966747970962	33.07244718449689	0.3997500446348866	0.4840570890501403	49.0	1361.0	0.02107414766525717	5.612714434451999	0.014114677493566903	0.0014991214167947879
