model	nDCG	Recall	Precision	nDCGRendle2020	HR	F1	MAP	MAR	MRR	ACLT	APLT	ARP	PopREO	PopRSP	ItemCoverage	UserCoverage	Gini	SEntropy	EFD	EPC
no_rerank_performance	0.13753784140570902	0.20400557366333663	0.03213132999443517	0.13163603131282045	0.7351140790205899	0.05513570312669112	0.05018021339090824	0.1344016350001325	0.17942089633973277	0.0	0.0	211.94209847014855	1.0	1.0	50.0	1797.0	0.031398491909442994	5.640397340638997	0.34881253863130207	0.03892695072480623
