model	nDCG	Recall	Precision	nDCGRendle2020	HR	F1	MAP	MAR	MRR	ACLT	APLT	ARP	PopREO	PopRSP	ItemCoverage	UserCoverage	Gini	SEntropy	EFD	EPC
no_rerank_performance	0.10815300669482493	0.1188912738161486	0.048080133555926545	0.09799888958088634	0.5180856983861992	0.06769304705497711	0.06551817568260737	0.07545374345249137	0.1719542874645936	0.0	0.0	272.3584585420145	1.0	1.0	37.0	1797.0	0.015186887397543924	4.7947216213909645	0.4079964811545678	0.04573522960190022
