model	nDCG	Recall	Precision	nDCGRendle2020	HR	F1	MAP	MAR	MRR	ACLT	APLT	ARP	PopREO	PopRSP	ItemCoverage	UserCoverage	Gini	SEntropy	EFD	EPC
output_EXP_2_elliot	0.14784101920957793	0.14478478057889824	0.021835294117647057	0.12979378003038372	0.5929411764705882	0.037613981921212916	0.05207504635366231	0.1196054715219421	0.26856350094019166	0.0888235294117647	0.004799431106606684	228.65663037966925	0.9534983494416703	0.9944743219152867	266.0	1692.0	0.03077609592277808	5.819167629733231	0.535996976850765	0.05948914964258419
