model	nDCG	Recall	Precision	nDCGRendle2020	HR	F1	MAP	MAR	MRR	ACLT	APLT	ARP	PopREO	PopRSP	ItemCoverage	UserCoverage	Gini	SEntropy	EFD	EPC
output_EXP_2_elliot	0.14086091774467543	0.12444561157796453	0.047470588235294126	0.12182768415453295	0.5570588235294117	0.06768316574378838	0.08311716224345071	0.08952704248366013	0.26716057155829054	0.08	0.004934904196149871	236.65929474910803	0.9468999090956927	0.9932065981723142	248.0	1692.0	0.02611509575847315	5.685010833322427	0.5800919136183473	0.06443626928856008
