model	nDCG	Recall	Precision	nDCGRendle2020	HR	F1	MAP	MAR	MRR	ACLT	APLT	ARP	PopREO	PopRSP	ItemCoverage	UserCoverage	Gini	SEntropy	EFD	EPC
output_EXP_2_elliot	0.12823036942254395	0.09503968253968254	0.07405882352941177	0.10749987362739004	0.4652941176470588	0.08166945583504498	0.10843027544351073	0.0653327030812325	0.26077240896358544	0.045294117647058825	0.004661764705882352	266.5378860877684	0.9494376635414713	0.9930788423702934	196.0	1692.0	0.01993811678418911	5.352960885702749	0.7033328417488479	0.07820068582518963
