model_name	kendall_tau_coefficient	p_value
VSM_sim=cosine_up=tfidf_ip=binary_load=ItemAttributes	-0.00315639906415163	0.46520961706003106
AttributeItemKNN_nn=20_sim=correlation_bin=False_load=ItemAttributes	0.0010826204125301549	0.4660923816555031
AttributeUserKNN_nn=40_sim=correlation_profile=binary_bin=False_load=ItemAttributes	0.0374339257129105	0.435840148806657
ItemKNN_nn=40_sim=cosine_imp=standard_bin=False_shrink=0_norm=True_asymalpha=_tvalpha=_tvbeta=_rweights=	0.0111040255415836	0.4776009726383035
UserKNN_nn=80_sim=correlation_imp=standard_bin=False_shrink=0_norm=True_asymalpha=_tvalpha=_tvbeta=_rweights=	0.019621471387540782	0.4832864388411618
EASER_neighborhood=1861_l2_norm=18374136$168271586	0.05513807398460107	0.40418197502600306
RP3beta_neighborhood=507_alpha=1$0180281935718316_beta=0$41875971052261285_normalize_similarity=True	0.01688768052105836	0.48588616343438945
MostPop	0.06685607304430749	0.3491692553641146
Random_seed=42	0.006539197391299148	0.5091079099665822
