model	nDCG	Recall	Precision	nDCGRendle2020	HR	F1	MAP	MAR	MRR	ACLT	APLT	ARP	PopREO	PopRSP	ItemCoverage	UserCoverage	Gini	SEntropy	EFD	EPC
output_exp_2_rec_movie_rerank_most_pop_copy	0.13262876134972956	0.10780077617345105	0.0901006711409396	0.13958529087454769	0.7080536912751678	0.07979637028080862	0.1278194421114488	0.0696653283970222	0.325474613896134	0.02181208053691275	0.0010906040268456377	133.6386557672639	1.0	0.998213003537654	133.0	596.0	0.01879560799290747	5.549670054012837	0.8993846928063198	0.08065875831480421
