model	nDCG	Recall	Precision	nDCGRendle2020	HR	F1	MAP	MAR	MRR	ACLT	APLT	ARP	PopREO	PopRSP	ItemCoverage	UserCoverage	Gini	SEntropy	EFD	EPC
output_exp_2_rec_movie_rerank_most_pop_copy	0.13103583377781364	0.07446084037130352	0.12265100671140938	0.1487994344677021	0.5855704697986577	0.07621879064706441	0.15348740279109405	0.04700510607499599	0.31698492596143607	0.003355704697986577	0.00033557046979865775	153.13389261744967	1.0	0.9994530610152894	80.0	596.0	0.012019852789284302	4.963713540360001	1.1136242256467486	0.09902510398016937
