model	nDCG	Recall	Precision	nDCGRendle2020	HR	F1	MAP	MAR	MRR	ACLT	APLT	ARP	PopREO	PopRSP	ItemCoverage	UserCoverage	Gini	SEntropy	EFD	EPC
output_exp_2_rec_movie_rerank_most_pop_copy	0.13770762121584432	0.14449542204806004	0.047583892617449663	0.13478798430727806	0.7785234899328859	0.06034878175469765	0.09079477012694244	0.10836938144599571	0.32796503697500595	0.1342281879194631	0.003979635960533043	108.35476736788026	1.0	0.9939734310143882	246.0	596.0	0.02758045464240111	5.982937232049608	0.7773604170236093	0.07016722112193474
