model	nDCG	Recall	Precision	nDCGRendle2020	HR	F1	MAP	MAR	MRR	ACLT	APLT	ARP	PopREO	PopRSP	ItemCoverage	UserCoverage	Gini	SEntropy	EFD	EPC
PaLM	0.147164558	0.082992047	0.140100671	0.17047649	0.610738255	0.086627821	0.175839059	0.053453995	0.352823719	0	0	181.2392617	1	1	37	596	0.008111424	4.348685247	1.246516384	0.108098727
ChatGPT	0.14241556	0.082482954	0.119798658	0.153739359	0.583892617	0.081467452	0.161002517	0.056734921	0.339686535	0.30704698	0.032704139	120.7903437	0.947148818	0.948243138	344	587	0.037246658	6.289725111	1.213236394	0.109863
GPT3	0.213138902	0.131425701	0.202516779	0.24739817	0.738255034	0.133726299	0.254278191	0.084712193	0.468336529	0.124161074	0.012416107	124.3219799	0.989543203	0.979812254	440	596	0.061362488	7.179763781	1.907678473	0.173263068