model	nDCG	Recall	Precision	nDCGRendle2020	HR	F1	MAP	MAR	MRR	ACLT	APLT	ARP	PopREO	PopRSP	ItemCoverage	UserCoverage	Gini	SEntropy	EFD	EPC
results_EXP_3_no_rerank	0.013590982976004423	0.022483468038207197	0.004922850844966937	0.013590982976004425	0.04775900073475386	0.007902017159915764	0.004873867254469752	0.012440607396522167	0.014953990413211573	1.8596620132255695	0.18596620132255695	36.817266715650256	0.7371671591850775	0.8160155251248388	1646.0	1361.0	0.26512834501382476	9.487150596681834	0.0458713993450847	0.004874146998203958
