model	nDCG	Recall	Precision	nDCGRendle2020	HR	F1	MAP	MAR	MRR	ACLT	APLT	ARP	PopREO	PopRSP	ItemCoverage	UserCoverage	Gini	SEntropy	EFD	EPC
results_EXP_3_no_rerank	0.019735255826814502	0.042309576291942194	0.004628949301983836	0.01973525582681451	0.08890521675238795	0.00823067454221018	0.00477929109425596	0.022521430320842514	0.01768546493755944	3.7509184423218223	0.1875459221160911	36.771785451873626	0.8284781388704657	0.8142705038996733	1881.0	1361.0	0.27754117731061645	9.547598295826225	0.04302429753450568	0.004617673968071097
