model	nDCG	Recall	Precision	nDCGRendle2020	HR	F1	MAP	MAR	MRR	ACLT	APLT	ARP	PopREO	PopRSP	ItemCoverage	UserCoverage	Gini	SEntropy	EFD	EPC
no_rerank_userknn_performance	0.07418664098279418	0.08915094339622642	0.06334231805929919	0.07685616418213521	0.477088948787062	0.07215207805425027	0.06289276087793608	0.04852778847388011	0.1573717537329397	1.9245283018867925	0.19245283018867926	86.58382749326145	0.45409429280397023	0.6979893156516565	1018.0	371.0	0.3641802958874295	9.453530138462046	0.5754404287812933	0.05784614085417737
