model	nDCG	Recall	Precision	nDCGRendle2020	HR	F1	MAP	MAR	MRR	ACLT	APLT	ARP	PopREO	PopRSP	ItemCoverage	UserCoverage	Gini	SEntropy	EFD	EPC
no_rerank_userknn_performance	0.10995808419232682	0.16742074188165834	0.060242587601078174	0.11450462512148615	0.6954177897574124	0.08695385886893907	0.06177908554771042	0.08986549651307064	0.17225659476041258	3.9002695417789757	0.1950134770889488	86.96334231805929	0.35271600970107825	0.6937618368445013	1220.0	371.0	0.39451412678128495	9.592450192089519	0.5590723256921374	0.05605114910330176
