model	nDCG	Recall	Precision	nDCGRendle2020	HR	F1	MAP	MAR	MRR	ACLT	APLT	ARP	PopREO	PopRSP	ItemCoverage	UserCoverage	Gini	SEntropy	EFD	EPC
no_rerank_userknn_performance	0.184329737509393	0.3844992084884268	0.056495956873315364	0.19787252503369726	0.9110512129380054	0.09759336385395553	0.060209649133286886	0.2080683267017499	0.1797253276218956	9.889487870619947	0.1977897574123989	86.56765498652291	0.41511748462793974	0.6891718268480778	1407.0	371.0	0.425102608434188	9.708071092743713	0.527822344409603	0.053272162189440565
