model_name	kendall_tau_coefficient	p_value
VSM_sim=cosine_up=tfidf_ip=binary_load=ChainedKG	0.0031444440550080846	0.5042445430258019
AttributeItemKNN_nn=20_sim=cosine_bin=False_load=ChainedKG	-0.004781643111570169	0.5014187236748585
AttributeUserKNN_nn=60_sim=cosine_profile=binary_bin=False_load=ChainedKG	0.020831421903193745	0.5037253823573787
ItemKNN_nn=100_sim=cosine_imp=standard_bin=False_shrink=0_norm=True_asymalpha=_tvalpha=_tvbeta=_rweights=	0.008240930666416752	0.5200676318112869
UserKNN_nn=60_sim=cosine_imp=standard_bin=False_shrink=0_norm=True_asymalpha=_tvalpha=_tvbeta=_rweights=	0.011658770029198458	0.50495966065395
EASER_neighborhood=2234_l2_norm=18374136$168271586	0.004090739770315559	0.5162416879279654
RP3beta_neighborhood=29_alpha=1$596217202535946_beta=0$2874229165090889_normalize_similarity=True	-0.0010290861326802479	0.5112743308377654
MostPop	-0.01066462527565047	0.5214670990477688
Random_seed=42	0.000350120195923086	0.522351531983371
