model	nDCG	Recall	Precision	nDCGRendle2020	HR	F1	MAP	MAR	MRR	ACLT	APLT	ARP	PopREO	PopRSP	ItemCoverage	UserCoverage	Gini	SEntropy	EFD	EPC
EASER_neighborhood=1862_l2_norm=1911$401192756757	0.13389408531561264	0.17736574875870847	0.06375838926174497	0.14142739239358218	0.8137583892617449	0.07761434474584285	0.08814606806468547	0.11404200943012328	0.2620629774662436	1.0939597315436242	0.021879194630872484	69.94258389261745	0.9523857531012947	0.9631192641082187	871.0	596.0	0.1406468341694045	8.475295605388629	0.6748989011882075	0.06203329369947817
