model	nDCG	Recall	Precision	nDCGRendle2020	HR	F1	MAP	MAR	MRR	ACLT	APLT	ARP	PopREO	PopRSP	ItemCoverage	UserCoverage	Gini	SEntropy	EFD	EPC
EASER_neighborhood=1862_l2_norm=1911$401192756757	0.11149864867928308	0.10514531085674865	0.0886744966442953	0.1252710594730272	0.6912751677852349	0.07692061390217318	0.11034288672797202	0.06579060132108469	0.25796364924044035	0.02181208053691275	0.0010906040268456377	90.85335570469799	0.9937969974187257	0.9981677404235374	452.0	596.0	0.0680202784820173	7.41521078081506	0.8589456624124161	0.07881993126375386
