model	nDCG	Recall	Precision	nDCGRendle2020	HR	F1	MAP	MAR	MRR	ACLT	APLT	ARP	PopREO	PopRSP	ItemCoverage	UserCoverage	Gini	SEntropy	EFD	EPC
EASER_neighborhood=1862_l2_norm=1911$401192756757	0.10207613467150202	0.06824979101858997	0.11057046979865773	0.12533627005785178	0.5654362416107382	0.06873792899040287	0.12403989560029828	0.042136950926891174	0.24936947374027907	0.0	0.0	108.64379194630872	1.0	1.0	280.0	596.0	0.037824075242797184	6.533868291433318	0.9933850815646028	0.09085336803002815
