model	nDCG	Recall	Precision	nDCGRendle2020	HR	F1	MAP	MAR	MRR	ACLT	APLT	ARP	PopREO	PopRSP	ItemCoverage	UserCoverage	Gini	SEntropy	EFD	EPC
UserKNN_nn=80_sim=correlation_imp=standard_bin=False_shrink=0_norm=True_asymalpha=_tvalpha=_tvbeta=_rweights=	0.2824122444677363	0.18093095532830225	0.26191275167785233	0.32357625070291757	0.8171140939597316	0.17867044590028625	0.32791939650580587	0.11710944931683447	0.5631551613934165	0.05704697986577181	0.005704697986577182	125.0489932885906	0.9957968327341729	0.9904087854016383	431.0	596.0	0.060046738240608355	7.155472580059651	2.496216957683524	0.22631398505623174
