model	nDCG	Recall	Precision	nDCGRendle2020	HR	F1	MAP	MAR	MRR	ACLT	APLT	ARP	PopREO	PopRSP	ItemCoverage	UserCoverage	Gini	SEntropy	EFD	EPC
results_EXP_3_no_rerank	0.16813294403000148	0.3709681479714868	0.054969393433500276	0.18505378988731788	0.9115191986644408	0.09485434778122213	0.054118288088134736	0.18754148448472321	0.16297713730119587	9.717863105175292	0.19435726210350585	87.71318864774625	0.4681310589246816	0.6950209982693687	1495.0	1797.0	0.43457716527693757	9.739800707181967	0.490284573975088	0.049985872437434305
