model	nDCG	Recall	Precision	nDCGRendle2020	HR	F1	MAP	MAR	MRR	ACLT	APLT	ARP	PopREO	PopRSP	ItemCoverage	UserCoverage	Gini	SEntropy	EFD	EPC
results_EXP_3_no_rerank	0.05661868804945346	0.0721860066601302	0.05331107401224263	0.0638859927991307	0.41847523650528656	0.059943630495168924	0.05336126789799577	0.03980719629717961	0.13825710399166158	1.9504730105731776	0.19504730105731774	87.65286588759042	0.48441516823927366	0.6938817313117693	1395.0	1797.0	0.4220304461988811	9.696198013382022	0.47642612894568237	0.04868688805384042
