model	nDCG	Recall	Precision	nDCGRendle2020	HR	F1	MAP	MAR	MRR	ACLT	APLT	ARP	PopREO	PopRSP	ItemCoverage	UserCoverage	Gini	SEntropy	EFD	EPC
results_EXP_3_no_rerank	0.08888101530068629	0.14505502998825204	0.053756260434056756	0.09930121570875378	0.6460767946577629	0.07709343670939667	0.05348217213008958	0.075954257978465	0.15409473203539165	3.9220923761825266	0.1961046188091263	87.19162493043963	0.4755437637949603	0.6921352643504162	1452.0	1797.0	0.43126148716209145	9.729531671723366	0.4799015996227527	0.04900944386606348
