model	nDCG	Recall	Precision	nDCGRendle2020	HR	F1	MAP	MAR	MRR	ACLT	APLT	ARP	PopREO	PopRSP	ItemCoverage	UserCoverage	Gini	SEntropy	EFD	EPC
results_EXP_3_no_rerank	0.09534017995892827	0.1504330409589174	0.05606566499721759	0.10331821822492598	0.6649972175848636	0.08030755929994958	0.05591509958796509	0.07815327132522458	0.16145080576401868	3.8681135225375627	0.19340567612687815	88.2460489705064	0.46483631814949555	0.6965913947090939	1454.0	1797.0	0.42715799757748774	9.714660348333465	0.5030412349536544	0.05135151103895515
