model	nDCG	Recall	Precision	nDCGRendle2020	HR	F1	MAP	MAR	MRR	ACLT	APLT	ARP	PopREO	PopRSP	ItemCoverage	UserCoverage	Gini	SEntropy	EFD	EPC
results_EXP_3_no_rerank	0.060479333531230736	0.07376425435690878	0.05531441291040624	0.06621554210244451	0.4251530328324986	0.06197815595702683	0.056346821421946636	0.04112471402955543	0.14482757859218628	1.9365609348914858	0.19365609348914858	87.06700055648302	0.43801976482186594	0.696178209952704	1388.0	1797.0	0.4205299373827266	9.695230201585131	0.5000947211746071	0.05103437952389959
