model	nDCG	Recall	Precision	nDCGRendle2020	HR	F1	MAP	MAR	MRR	ACLT	APLT	ARP	PopREO	PopRSP	ItemCoverage	UserCoverage	Gini	SEntropy	EFD	EPC
results_EXP_3_no_rerank	0.17172155994194596	0.3709681479714868	0.054969393433500276	0.1870500299251762	0.9115191986644408	0.09485434778122213	0.05575862529477554	0.19095309643055888	0.16965086021561196	9.717863105175292	0.19435726210350585	87.71318864774625	0.4681310589246816	0.6950209982693687	1495.0	1797.0	0.43457716527693757	9.73980070718197	0.49689961086718315	0.0506604834060718
