model	nDCG	Recall	Precision	nDCGRendle2020	HR	F1	MAP	MAR	MRR	ACLT	APLT	ARP	PopREO	PopRSP	ItemCoverage	UserCoverage	Gini	SEntropy	EFD	EPC
output_EXP_2_elliot	0.004577292522734168	0.013108614232209739	0.0004344569288389513	0.004577292522734168	0.01198501872659176	0.0008367518063361633	0.0006876580886439291	0.008511860174781524	0.0023944682348784776	1.5213483146067415	0.03796091601419274	90.10086329864224	0.23245511774306366	0.6359949235003242	226.0	1246.0	0.021154299402119325	2.696201585425852	0.011476967400750151	0.0010899601376671228
