model	nDCG	Recall	Precision	nDCGRendle2020	HR	F1	MAP	MAR	MRR	ACLT	APLT	ARP	PopREO	PopRSP	ItemCoverage	UserCoverage	Gini	SEntropy	EFD	EPC
output_EXP_2_elliot	0.00262230584465868	0.005118601747815231	0.0009737827715355805	0.00262230584465868	0.00599250936329588	0.0016072566634364384	0.0009428393080078472	0.002871410736579276	0.0021722846441947566	0.3161048689138577	0.032053682896379526	93.71576779026216	0.23245511774306366	0.838472642468012	119.0	1246.0	0.005992789276644039	1.4806655059641478	0.010815204763415296	0.0010414757568530638
