model	nDCG	Recall	Precision	nDCGRendle2020	HR	F1	MAP	MAR	MRR	ACLT	APLT	ARP	PopREO	PopRSP	ItemCoverage	UserCoverage	Gini	SEntropy	EFD	EPC
output_EXP_2_elliot	0.0035434615995057605	0.008239700374531835	0.000749063670411985	0.0035434615995057605	0.00749063670411985	0.0013571403898712156	0.0009034834960148905	0.005024968789013732	0.002256554307116105	0.8134831460674158	0.04154598418643363	91.132619161945	0.3632495164410058	0.6979241984784891	200.0	1246.0	0.01289036794302123	2.0364745257945884	0.011282949031319838	0.001077300930700896
