model	nDCG	Recall	Precision	nDCGRendle2020	HR	F1	MAP	MAR	MRR	ACLT	APLT	ARP	PopREO	PopRSP	ItemCoverage	UserCoverage	Gini	SEntropy	EFD	EPC
output_EXP_3_elliot	0.1412251395756832	0.1434205755625932	0.09449378330373003	0.14702857900183672	0.6607460035523979	0.09558457715555016	0.11753564633164948	0.08403067101107746	0.2891113268724638	1.5062166962699823	0.07774637450020598	89.48959716387596	0.8334149179964675	0.842776937895273	1138.0	541.0	0.17143384469080813	7.862827278693776	1.0057133819615909	0.09082420111512803
