model	nDCG	Recall	Precision	nDCGRendle2020	HR	F1	MAP	MAR	MRR	ACLT	APLT	ARP	PopREO	PopRSP	ItemCoverage	UserCoverage	Gini	SEntropy	EFD	EPC
output_EXP_3_elliot	0.12197276692179702	0.08341888869234326	0.11154529307282415	0.13557090146883552	0.5470692717584369	0.08065527430143023	0.13359539316022445	0.05119179374118038	0.28131678367024726	0.6962699822380106	0.07019439510558516	95.92650201584482	0.8432356205218919	0.8729055674606874	880.0	541.0	0.13789596592696562	7.493446099131307	1.0859864989033838	0.09782124263736208
