model	nDCG	Recall	Precision	nDCGRendle2020	HR	F1	MAP	MAR	MRR	ACLT	APLT	ARP	PopREO	PopRSP	ItemCoverage	UserCoverage	Gini	SEntropy	EFD	EPC
output_EXP_3_elliot	0.17241877019701576	0.23896030062269527	0.06220248667850799	0.1730901377352023	0.7477797513321492	0.08625136846887184	0.09231718870727097	0.1544484565469307	0.29208927169877363	3.586145648312611	0.08737413445940374	85.06242077768424	0.7369955177409657	0.7900370415900282	1366.0	541.0	0.2161037175717495	8.0837493511967	0.9655457637359384	0.08719525504673667
