model	nDCG	Recall	Precision	nDCGRendle2020	HR	F1	MAP	MAR	MRR	ACLT	APLT	ARP	PopREO	PopRSP	ItemCoverage	UserCoverage	Gini	SEntropy	EFD	EPC
output_exp_3_rec_book_re_rerank_userknn_copy	0.029927080881447347	0.04455066921606118	0.009751434034416827	0.02992708088144735	0.09177820267686425	0.015605713598065413	0.012909458557164102	0.02949012109623964	0.03790593037724969	0.505736137667304	0.052676864244741876	64.05952836201402	0.7286909804731894	0.9347562994850953	698.0	922.0	0.07020299027698063	6.11854492082518	0.10243182102918509	0.011107785795962371
