model	nDCG	Recall	Precision	nDCGRendle2020	HR	F1	MAP	MAR	MRR	ACLT	APLT	ARP	PopREO	PopRSP	ItemCoverage	UserCoverage	Gini	SEntropy	EFD	EPC
output_exp_3_rec_book_re_rerank_userknn_copy	0.03738982625285272	0.07111217335882727	0.0030783938814531553	0.03738982625285272	0.1367112810707457	0.005864122345491039	0.006670384702607606	0.05672052262587635	0.04031239537676887	4.61472275334608	0.1339023276062122	42.91001555958249	0.712848551120831	0.8086662157537186	1751.0	922.0	0.23747477052119448	7.704365383282728	0.0584182885538881	0.006243058015593474
