model	nDCG	Recall	Precision	nDCGRendle2020	HR	F1	MAP	MAR	MRR	ACLT	APLT	ARP	PopREO	PopRSP	ItemCoverage	UserCoverage	Gini	SEntropy	EFD	EPC
output_exp_3_rec_book_re_rerank_userknn_copy	0.03390458555796823	0.05753664754620777	0.006214149139579351	0.03390458555796823	0.1147227533460803	0.011059378867592352	0.010180325576065057	0.0405019120458891	0.03949447998808234	1.6969407265774379	0.08717090875127684	51.54417251889518	0.733590341889013	0.8852921282365007	1237.0	922.0	0.1412947448480225	7.003519699347717	0.07527556149013095	0.008112601820129666
