model	nDCG	Recall	Precision	nDCGRendle2020	HR	F1	MAP	MAR	MRR	ACLT	APLT	ARP	PopREO	PopRSP	ItemCoverage	UserCoverage	Gini	SEntropy	EFD	EPC
results_EXP_3_no_rerank	0.03127287259146553	0.08815821699730589	0.003967670830271859	0.03127287259146553	0.18515797207935342	0.007549873309242642	0.004769986501452786	0.0526402155277982	0.020842043684230274	7.432770022042615	0.18620357869956355	36.75897379737798	0.7760993477366659	0.8155010720405768	2033.0	1361.0	0.2837367644020551	9.572495318513932	0.0458923998138637	0.004854044939248582
