model	nDCG	Recall	Precision	nDCGRendle2020	HR	F1	MAP	MAR	MRR	ACLT	APLT	ARP	PopREO	PopRSP	ItemCoverage	UserCoverage	Gini	SEntropy	EFD	EPC
results_EXP_3_no_rerank	0.020073358288519562	0.043840313494979175	0.004996326230712712	0.020073358288519562	0.0940484937545922	0.008862503393379028	0.004836565787901425	0.02210323291697281	0.017782704603768153	3.7318148420279207	0.18659074210139603	36.81932402645114	0.8663550138733195	0.8153260422410932	1863.0	1361.0	0.27630292127999156	9.543617995284118	0.045911249007648314	0.004874435561296227
