model	nDCG	Recall	Precision	nDCGRendle2020	HR	F1	MAP	MAR	MRR	ACLT	APLT	ARP	PopREO	PopRSP	ItemCoverage	UserCoverage	Gini	SEntropy	EFD	EPC
results_EXP_3_no_rerank	0.012580820443573755	0.020095518001469505	0.004481998530492286	0.012580820443573755	0.04335047759000735	0.0071564976781729175	0.004987550004081966	0.012325495958853783	0.014479607664765637	1.8214548126377663	0.18214548126377664	37.965393093313736	0.8230867727280701	0.820221926050462	1633.0	1361.0	0.2627410037073319	9.466601209739196	0.044109523844817915	0.004659018267703776
