model	nDCG	Recall	Precision	nDCGRendle2020	HR	F1	MAP	MAR	MRR	ACLT	APLT	ARP	PopREO	PopRSP	ItemCoverage	UserCoverage	Gini	SEntropy	EFD	EPC
UserKNN_nn=100_sim=cosine_imp=standard_bin=False_shrink=0_norm=True_asymalpha=_tvalpha=_tvbeta=_rweights=	0.27190182298758736	0.22618826792449498	0.17100723427935446	0.24374580224567255	0.7640511964385086	0.19068752510673254	0.23795536652798757	0.15262156504226623	0.4777788819107684	0.5531441291040623	0.05531441291040624	159.64652198107962	0.7732847300919969	0.9163137304050702	803.0	1797.0	0.12911418691769705	7.9565257810581205	1.706694049056886	0.18205886073262142
