model	nDCG	Recall	Precision	nDCGRendle2020	HR	F1	MAP	MAR	MRR	ACLT	APLT	ARP	PopREO	PopRSP	ItemCoverage	UserCoverage	Gini	SEntropy	EFD	EPC
UserKNN_nn=60_sim=cosine_imp=standard_bin=False_shrink=0_norm=True_asymalpha=_tvalpha=_tvbeta=_rweights=	0.030016856288063946	0.04897134459955914	0.010506980161645849	0.030016856288063946	0.10213078618662748	0.016995048791521975	0.012207527145073067	0.029714670585353903	0.0352320306030813	0.2858192505510654	0.028581925055106542	76.7322556943424	0.8727026269755327	0.9742394483248964	868.0	1361.0	0.0712363771929505	7.448589381117959	0.0971195260850733	0.010884119337283567
