model	nDCG	Recall	Precision	nDCGRendle2020	HR	F1	MAP	MAR	MRR	ACLT	APLT	ARP	PopREO	PopRSP	ItemCoverage	UserCoverage	Gini	SEntropy	EFD	EPC
output_exp_2_rec_movie_no_rerank_mostpop	0.08267269644317546	0.07117242853452795	0.0697986577181208	0.08945655233676014	0.5906040268456376	0.05693198901120819	0.07855272931697029	0.03898541329371977	0.20345983521832056	0.0	0.0	105.21535234899329	1.0	1.0	47.0	596.0	0.012557371725481548	4.89190156017416	0.6269669245766193	0.05712570656967707
