model	nDCG	Recall	Precision	nDCGRendle2020	HR	F1	MAP	MAR	MRR	ACLT	APLT	ARP	PopREO	PopRSP	ItemCoverage	UserCoverage	Gini	SEntropy	EFD	EPC
output_exp_3_rec_movie_rerank_userknn	0.18530002063297826	0.1169601308852393	0.16593959731543625	0.203593502224154	0.7265100671140939	0.11445981275402152	0.20677146585703632	0.07505881119294808	0.4038457441142005	0.22483221476510068	0.02248322147651007	119.27130872483224	0.9808949220713926	0.9632687639193043	533.0	596.0	0.06791388447414548	7.201202154995489	1.5668689148954786	0.14229353542128176
