model	nDCG	Recall	Precision	nDCGRendle2020	HR	F1	MAP	MAR	MRR	ACLT	APLT	ARP	PopREO	PopRSP	ItemCoverage	UserCoverage	Gini	SEntropy	EFD	EPC
output_exp_3_rec_movie_rerank_userknn	0.19663537242832638	0.1800539008643147	0.12969798657718123	0.20495127963334867	0.825503355704698	0.12473255540370935	0.1751366744133798	0.11451455064247137	0.41096201687664125	1.2097315436241611	0.06065620216649006	92.73142752508987	0.9086060859562899	0.8999427218487341	1009.0	596.0	0.15533801947108428	8.42199546732673	1.3290284764274025	0.12133082934449606
