model	nDCG	Recall	Precision	nDCGRendle2020	HR	F1	MAP	MAR	MRR	ACLT	APLT	ARP	PopREO	PopRSP	ItemCoverage	UserCoverage	Gini	SEntropy	EFD	EPC
output_exp_3_rec_movie_rerank_userknn	0.22528367459253523	0.28522069096410146	0.08399328859060404	0.22823029740819925	0.8959731543624161	0.1106177822207514	0.13146948864424998	0.1926320084319382	0.41320867715017046	5.580536912751678	0.12786941604500363	69.95444312377239	0.7315559923828245	0.7753660839665449	1501.0	596.0	0.29852144080856113	9.409445778855446	1.103894866316751	0.10086356167949989
