model_name	jaccard_coefficient
ChatGPT	0.16673620316827578
GPT3	0.1805322886895299
