model_name	jaccard_coefficient
ChatGPT	0.22792326034803403
GPT3	0.22431563791351528
