model_name	jaccard_coefficient
ChatGPT	0.24101290876503992
GPT3	0.23323073824131982
