model_name	kendall_tau_coefficient	p_value
ChatGPT	0.06540890113002745	0.4387555639588986
GPT3	0.06183389240890815	0.4438573265155812
