model_name	kendall_tau_coefficient	p_value
ChatGPT	0.06436992361704065	0.3669694673086215
GPT3	0.06261739492205172	0.3767699311629255
