model_name	kendall_tau_coefficient	p_value
ChatGPT	0.05688354581225279	0.5280649496317819
GPT3	0.04569949936241483	0.5209950590860588
