model	nDCG	Recall	Precision	nDCGRendle2020	HR	F1	MAP	MAR	MRR	ACLT	APLT	ARP	PopREO	PopRSP	ItemCoverage	UserCoverage	Gini	SEntropy	EFD	EPC
output_EXP_3_elliot	0.010834926953858315	0.012418636519355942	0.003083247687564234	0.010834926953858315	0.030832476875642344	0.00490345557149257	0.005298169627563255	0.009009934909215485	0.017164635638428034	0.8108941418293937	0.08516615279205209	44.93655361425145	0.8814031997651547	0.8510820264929438	1130.0	751.0	0.19641010799897196	5.8887493058412215	0.03756902372999008	0.00431505897227733
