model	nDCG	Recall	Precision	nDCGRendle2020	HR	F1	MAP	MAR	MRR	ACLT	APLT	ARP	PopREO	PopRSP	ItemCoverage	UserCoverage	Gini	SEntropy	EFD	EPC
output_EXP_3_elliot	0.018262329529476373	0.03804385063377869	0.0018499486125385406	0.018262329529476373	0.08633093525179857	0.0035133138311860593	0.0031153909831538695	0.0259910928400137	0.019908732151390187	3.353545734840699	0.09913899232802137	42.113463654975305	0.6972932471668072	0.8141485052478601	1720.0	751.0	0.26701990976949563	6.480295769847703	0.02940448405195482	0.0032337687211162346
