model	nDCG	Recall	Precision	nDCGRendle2020	HR	F1	MAP	MAR	MRR	ACLT	APLT	ARP	PopREO	PopRSP	ItemCoverage	UserCoverage	Gini	SEntropy	EFD	EPC
output_EXP_3_elliot	0.014424625904289447	0.023415553271668377	0.0029290853031860233	0.014424625904289447	0.05549845837615622	0.005180682105924521	0.0041139950493383265	0.013532031517643026	0.01879633949081001	1.7841726618705036	0.09364508393285371	42.9935936964714	0.8156093108169786	0.8293446548632494	1463.0	751.0	0.24180893653865643	6.2551667171150696	0.03363355136779612	0.0037384498852403285
