model	nDCG	Recall	Precision	nDCGRendle2020	HR	F1	MAP	MAR	MRR	ACLT	APLT	ARP	PopREO	PopRSP	ItemCoverage	UserCoverage	Gini	SEntropy	EFD	EPC
output_exp_3_rec_book_no_rerank_userknn	0.0301733535946904	0.08815821699730589	0.003967670830271859	0.0301733535946904	0.18515797207935342	0.007549873309242642	0.0047410773580992835	0.053036247856967915	0.019689844035315113	7.432770022042615	0.18620357869956355	36.75897379737798	0.7760993477366659	0.8155010720405768	2033.0	1361.0	0.2837367644020551	9.572495318513935	0.045015134902961676	0.004748188628323706
