model	nDCG	Recall	Precision	nDCGRendle2020	HR	F1	MAP	MAR	MRR	ACLT	APLT	ARP	PopREO	PopRSP	ItemCoverage	UserCoverage	Gini	SEntropy	EFD	EPC
output_exp_3_rec_book_no_rerank_userknn	0.019276972476509443	0.044832231202547146	0.005143277002204262	0.019276972476509443	0.10066127847171198	0.00913174197619778	0.004764434264776051	0.022375704139113394	0.016856875153139054	3.7347538574577515	0.18673769287288758	36.744673034533434	0.7716463529678124	0.8151637332414305	1887.0	1361.0	0.2777002039739882	9.55394218561269	0.04577828218790142	0.004809638854857323
