model	nDCG	Recall	Precision	nDCGRendle2020	HR	F1	MAP	MAR	MRR	ACLT	APLT	ARP	PopREO	PopRSP	ItemCoverage	UserCoverage	Gini	SEntropy	EFD	EPC
output_exp_3_rec_book_no_rerank_userknn	0.011911790140277581	0.021320107763899095	0.004996326230712712	0.011911790140277581	0.04996326230712711	0.007925842220478516	0.004667378095004841	0.011381337252020571	0.013594112638932622	1.8420279206465835	0.18420279206465837	36.50360029390154	0.6456950152808515	0.8179594176423857	1630.0	1361.0	0.26444887044344856	9.487655757917805	0.04526311288093612	0.004693012023155006
