model	nDCG	Recall	Precision	nDCGRendle2020	HR	F1	MAP	MAR	MRR	ACLT	APLT	ARP	PopREO	PopRSP	ItemCoverage	UserCoverage	Gini	SEntropy	EFD	EPC
output_exp_2_rec_book_no_rerank_mostpop	0.003276521809990682	0.010164095028165563	0.0011021307861866275	0.003276521809990682	0.02204261572373255	0.001966949767480068	0.0003830945271375614	0.0031839333823169237	0.0015630307776005141	9.595885378398236	0.47979426891991184	45.57178545187362	0.6550025654181632	0.4194211284604243	27.0	1361.0	0.008636533093702159	4.428407383322282	0.005984669287458361	0.0007079687266123165
