model	nDCG	Recall	Precision	nDCGRendle2020	HR	F1	MAP	MAR	MRR	ACLT	APLT	ARP	PopREO	PopRSP	ItemCoverage	UserCoverage	Gini	SEntropy	EFD	EPC
output_exp_2_rec_book_no_rerank_mostpop	0.0009111193350052092	0.002571638501102131	0.0003673769287288758	0.0009111193350052092	0.0036737692872887582	0.0006345601496226037	0.0001444724350675857	0.0008817046289493019	0.00048546237010601445	3.618662747979427	0.36186627479794264	74.86105804555473	1.0	0.5981056233537645	17.0	1361.0	0.004195105611407013	3.5067488273880847	0.001302349755850087	0.00018397816596866373
