model	nDCG	Recall	Precision	nDCGRendle2020	HR	F1	MAP	MAR	MRR	ACLT	APLT	ARP	PopREO	PopRSP	ItemCoverage	UserCoverage	Gini	SEntropy	EFD	EPC
no_rerank_performance	0.09036564971551515	0.07915220252448966	0.0652754590984975	0.07827573302653147	0.3884251530328325	0.07058104420400714	0.07690462940880304	0.04956227751720239	0.16357200272058367	0.0	0.0	325.1662771285476	1.0	1.0	24.0	1797.0	0.007926446689590971	3.972357853353572	0.5008180374722996	0.05614293634280923
