model_name	jaccard_coefficient
GPT3	0.2060413702975072
PaLM	0.16673620316827578
