model_name	jaccard_coefficient
GPT3	0.25473436408929223
PaLM	0.22792326034803403
