model_name	jaccard_coefficient
GPT3	0.2683174340570921
PaLM	0.24101290876503992
