model_name	kendall_tau_coefficient	p_value
GPT3	0.06479271226351298	0.3600605830100989
PaLM	0.06436992361704065	0.3669694673086215
