model_name	kendall_tau_coefficient	p_value
GPT3	0.048986663473866994	0.4601516654243361
PaLM	0.06540890113002745	0.4387555639588986
