model_name	kendall_tau_coefficient	p_value
GPT3	0.026982707860898143	0.515010105240434
PaLM	0.05688354581225279	0.5280649496317819
