model	nDCG	Recall	Precision	nDCGRendle2020	HR	F1	MAP	MAR	MRR	ACLT	APLT	ARP	PopREO	PopRSP	ItemCoverage	UserCoverage	Gini	SEntropy	EFD	EPC
EASER_neighborhood=1507_l2_norm=1676$4028275510354	0.36003216179333974	0.4833947231276112	0.07278797996661103	0.35423367099472286	0.9610461880912632	0.12545307302178121	0.13119680599121086	0.3363651014477392	0.49586005965564117	3.1897607122982747	0.0637952142459655	116.81227601558153	0.6821120625964445	0.9032714756780165	1237.0	1797.0	0.22145148214413723	8.802557616937463	0.8943030261650426	0.09442960822880868
