model	nDCG	Recall	Precision	nDCGRendle2020	HR	F1	MAP	MAR	MRR	ACLT	APLT	ARP	PopREO	PopRSP	ItemCoverage	UserCoverage	Gini	SEntropy	EFD	EPC
EASER_neighborhood=1507_l2_norm=1676$4028275510354	0.3127163291321237	0.3231658142759979	0.12209237618252645	0.2922588727091896	0.8797996661101837	0.17446193083950998	0.1909269547908669	0.2185392872600719	0.4930890858697523	0.6844741235392321	0.034223706176961605	155.70244852531997	0.8069458535928508	0.9485022806406807	824.0	1797.0	0.12524500403136074	7.955664358979828	1.3160268985394736	0.14097337583880812
