model	nDCG	Recall	Precision	nDCGRendle2020	HR	F1	MAP	MAR	MRR	ACLT	APLT	ARP	PopREO	PopRSP	ItemCoverage	UserCoverage	Gini	SEntropy	EFD	EPC
EASER_neighborhood=1507_l2_norm=1676$4028275510354	0.27517283739891496	0.22915772318944272	0.1736783528102393	0.24609692027512772	0.7885364496382861	0.1935886415603643	0.24101602317795975	0.1538744247467119	0.4866000211993534	0.2548692264885921	0.025486922648859208	188.3455203116305	0.8468671438536408	0.9617345737347311	567.0	1797.0	0.07970122847508099	7.2829004522752445	1.6830354441424453	0.18192257123497496
