model	nDCG	Recall	Precision	nDCGRendle2020	HR	F1	MAP	MAR	MRR	ACLT	APLT	ARP	PopREO	PopRSP	ItemCoverage	UserCoverage	Gini	SEntropy	EFD	EPC
output_exp_2_rec_book_rerank_mostpop_copy	0.01232467830592672	0.019543650793650794	0.004315476190476191	0.012324678305926722	0.04241071428571429	0.006936937070865641	0.0049497177343159485	0.011908482142857144	0.014785289115646258	0.31845238095238093	0.032237929894179895	90.87187086640212	0.4309473901240508	0.9606035489523799	331.0	1323.0	0.013675926982989806	4.38935689415951	0.04351073787090549	0.004516750419317038
