model	nDCG	Recall	Precision	nDCGRendle2020	HR	F1	MAP	MAR	MRR	ACLT	APLT	ARP	PopREO	PopRSP	ItemCoverage	UserCoverage	Gini	SEntropy	EFD	EPC
output_exp_2_rec_book_rerank_mostpop_copy	0.015520284789241752	0.029650297619047614	0.003236607142857143	0.015520284789241752	0.061755952380952384	0.005774578359011589	0.00433026007877515	0.018835565476190478	0.016138353299903773	1.9702380952380953	0.10027535211652444	70.71078762466743	0.40132857336526734	0.8665788497459288	430.0	1323.0	0.017846994707248487	5.0181800137251935	0.03647165733169385	0.0037437663247199887
