model	nDCG	Recall	Precision	nDCGRendle2020	HR	F1	MAP	MAR	MRR	ACLT	APLT	ARP	PopREO	PopRSP	ItemCoverage	UserCoverage	Gini	SEntropy	EFD	EPC
output_exp_2_rec_book_rerank_mostpop_copy	0.017434494770452356	0.037338789682539675	0.0016071428571428573	0.017434494770452356	0.07366071428571429	0.0030673077513393827	0.0030759739204416596	0.028389880952380958	0.016582611289017862	10.64360119047619	0.25992527828678064	54.75838064701683	0.30657053907914145	0.5693757687129237	531.0	1323.0	0.025346891654928427	5.726519051068353	0.028658849397022117	0.0029109784064039936
