model	nDCG	Recall	Precision	nDCGRendle2020	HR	F1	MAP	MAR	MRR	ACLT	APLT	ARP	PopREO	PopRSP	ItemCoverage	UserCoverage	Gini	SEntropy	EFD	EPC
output_EXP_3_elliot	0.10532124825986265	0.14630477140956183	0.05266467065868263	0.11100775045864797	0.6431137724550898	0.0760735399709715	0.06424360844531611	0.08448979422108165	0.19788717551900933	3.679640718562874	0.1930986038195072	89.34088304356145	0.4295585575902038	0.692328809236345	1439.0	1670.0	0.4244537850129505	9.69503066275616	0.5571136822536158	0.057063608082970896
