model	nDCG	Recall	Precision	nDCGRendle2020	HR	F1	MAP	MAR	MRR	ACLT	APLT	ARP	PopREO	PopRSP	ItemCoverage	UserCoverage	Gini	SEntropy	EFD	EPC
output_EXP_3_elliot	0.12766697347609088	0.21449600798403196	0.029185628742514968	0.1357878014005515	0.7497005988023953	0.05079477579435535	0.04922647277092046	0.15002332477901342	0.20184004704130526	5.764670658682634	0.19484034498717412	87.96009761156695	0.3722807752262628	0.6802198515838077	1462.0	1670.0	0.4369801361188854	9.725835739499281	0.5379099691211863	0.05493463498363669
