model	nDCG	Recall	Precision	nDCGRendle2020	HR	F1	MAP	MAR	MRR	ACLT	APLT	ARP	PopREO	PopRSP	ItemCoverage	UserCoverage	Gini	SEntropy	EFD	EPC
output_EXP_3_elliot	0.07838342526634759	0.08275853055793175	0.061317365269461084	0.08081813955242137	0.4502994011976048	0.0689715904382392	0.07191875772264994	0.049837871875297035	0.18427929854576564	1.904191616766467	0.19041916167664671	89.89443113772454	0.44802697261820984	0.7013541258025962	1369.0	1670.0	0.4096284721393866	9.650863989491821	0.5922330101903902	0.06086297023510928
