model	nDCG	Recall	Precision	nDCGRendle2020	HR	F1	MAP	MAR	MRR	ACLT	APLT	ARP	PopREO	PopRSP	ItemCoverage	UserCoverage	Gini	SEntropy	EFD	EPC
output_exp_2_rec_artist_rerank_mostpop_copy	0.15421589378911857	0.10910026410861134	0.08358375069560378	0.13568838693913246	0.533667223149694	0.09278215216388747	0.14195466871593748	0.08152293063394901	0.349878766197631	0.06844741235392321	0.007067334446299388	220.38202559821926	0.9341898233784695	0.9897539788845524	338.0	1796.0	0.02325895229931252	5.45995869045393	0.8888283801740737	0.09810263615174673
