model	nDCG	Recall	Precision	nDCGRendle2020	HR	F1	MAP	MAR	MRR	ACLT	APLT	ARP	PopREO	PopRSP	ItemCoverage	UserCoverage	Gini	SEntropy	EFD	EPC
output_exp_2_rec_artist_rerank_mostpop_copy	0.17697054208834612	0.1697416770455168	0.02597662771285476	0.1636164667381853	0.6833611574846967	0.04469444842915791	0.06384686573395242	0.14040368868749503	0.35899400270180015	0.25598219254312743	0.009244738224298561	203.6856242615506	0.9363293031101034	0.9866350335507029	564.0	1796.0	0.034813693478864205	5.917191290651397	0.5849657690238066	0.06443661878601233
