model	nDCG	Recall	Precision	nDCGRendle2020	HR	F1	MAP	MAR	MRR	ACLT	APLT	ARP	PopREO	PopRSP	ItemCoverage	UserCoverage	Gini	SEntropy	EFD	EPC
output_exp_2_rec_artist_rerank_mostpop_copy	0.16808527637382864	0.14449148050984442	0.055258764607679464	0.15336476851915384	0.6355036171396773	0.07878043612667955	0.103994560526125	0.10632838240100344	0.3571895401625163	0.1419031719532554	0.0077495987314079385	205.4167664508958	0.9289397784718376	0.9890990050032868	443.0	1796.0	0.02790761697609212	5.720875893529762	0.6697766603391146	0.07379263242804816
