model	nDCG	Recall	Precision	nDCGRendle2020	HR	F1	MAP	MAR	MRR	ACLT	APLT	ARP	PopREO	PopRSP	ItemCoverage	UserCoverage	Gini	SEntropy	EFD	EPC
output_EXP_2_elliot	0.08882947106101373	0.0694501487745571	0.06590909090909092	0.09264653313714145	0.5664335664335665	0.05400054797183592	0.08422942083987935	0.040967949299623836	0.23169638382737015	0.0034965034965034965	0.0017482517482517483	105.31826007175509	1.0	0.9996922837574168	58.0	547.0	0.01679394609065976	5.108217023533519	0.6620527601632672	0.060184773982436914
