model	nDCG	Recall	Precision	nDCGRendle2020	HR	F1	MAP	MAR	MRR	ACLT	APLT	ARP	PopREO	PopRSP	ItemCoverage	UserCoverage	Gini	SEntropy	EFD	EPC
output_EXP_2_elliot	0.10522505366657939	0.13158947478821914	0.041643356643356645	0.10221287732613382	0.7062937062937062	0.05304686767203605	0.06672852600425223	0.08420038049857055	0.23665700216048516	0.005244755244755245	0.0017942583732057417	102.97994880961316	1.0	0.9997425887981253	63.0	547.0	0.023507322696607935	5.384890004407197	0.6538679566279518	0.059546291218496535
