model	nDCG	Recall	Precision	nDCGRendle2020	HR	F1	MAP	MAR	MRR	ACLT	APLT	ARP	PopREO	PopRSP	ItemCoverage	UserCoverage	Gini	SEntropy	EFD	EPC
output_EXP_2_elliot	0.08251500096276544	0.03994122293074914	0.0770979020979021	0.09308839455563961	0.42132867132867136	0.04284848118556819	0.09760343822843823	0.024885395942662578	0.22139041514041513	0.0034965034965034965	0.0017482517482517483	112.60944125319125	1.0	0.9993949950843334	55.0	547.0	0.011556732466698527	4.6859900672993815	0.7450785056916941	0.06753308642453161
