model	nDCG	Recall	Precision	nDCGRendle2020	HR	F1	MAP	MAR	MRR	ACLT	APLT	ARP	PopREO	PopRSP	ItemCoverage	UserCoverage	Gini	SEntropy	EFD	EPC
output_EXP_3_elliot	0.12100372562022313	0.0809724800884193	0.11423728813559322	0.13819976882410778	0.5983050847457627	0.07960407142374293	0.13802078288942696	0.048958625402340875	0.3027703793381759	0.8084745762711865	0.08745762711864408	87.01974979822437	0.8896567928363776	0.8554352041664358	917.0	566.0	0.17308493486012888	8.119995918365177	1.1439015895428117	0.10422191852362361
