model	nDCG	Recall	Precision	nDCGRendle2020	HR	F1	MAP	MAR	MRR	ACLT	APLT	ARP	PopREO	PopRSP	ItemCoverage	UserCoverage	Gini	SEntropy	EFD	EPC
output_EXP_3_elliot	0.16664803276312332	0.24159708445882114	0.059322033898305086	0.17159289928739016	0.8101694915254237	0.08320975986721145	0.09401591336926589	0.15550319713440552	0.314409732496963	4.672881355932203	0.13064765973326886	67.69564241458738	0.7697683984156134	0.7692483118494456	1435.0	566.0	0.29022583958943327	8.973892487137862	0.9806730385514186	0.08977339768176001
