model	nDCG	Recall	Precision	nDCGRendle2020	HR	F1	MAP	MAR	MRR	ACLT	APLT	ARP	PopREO	PopRSP	ItemCoverage	UserCoverage	Gini	SEntropy	EFD	EPC
output_EXP_3_elliot	0.1380944892486544	0.13944174756775884	0.09694915254237288	0.14749190895687028	0.7135593220338983	0.09510707744496248	0.12059509233551255	0.08143721227496288	0.31099861251026173	1.9508474576271186	0.10820989051586734	75.74982155901418	0.8578732741429641	0.8177440065427279	1214.0	566.0	0.2318457258318356	8.638048107109341	1.0539002230414958	0.09636907330997073
