model	nDCG	Recall	Precision	nDCGRendle2020	HR	F1	MAP	MAR	MRR	ACLT	APLT	ARP	PopREO	PopRSP	ItemCoverage	UserCoverage	Gini	SEntropy	EFD	EPC
output_exp_3_rec_artist_rerank_userknn_copy	0.18378171988912542	0.1613359125879994	0.11819699499165277	0.17413047950582686	0.659432387312187	0.13298952856574695	0.1675803367163968	0.10897150011924635	0.38002733833284746	1.0356149137451307	0.10356149137451309	121.2746243739566	0.6208563167951864	0.8413010706233089	1151.0	1797.0	0.2454295598167523	8.868961759564542	1.2248935842211546	0.1285764569349134
