model	nDCG	Recall	Precision	nDCGRendle2020	HR	F1	MAP	MAR	MRR	ACLT	APLT	ARP	PopREO	PopRSP	ItemCoverage	UserCoverage	Gini	SEntropy	EFD	EPC
output_exp_3_rec_artist_rerank_userknn_copy	0.21413421586141862	0.23070947169444667	0.0849193099610462	0.20831254876351118	0.7774067890929327	0.12193450157211182	0.13274184602153816	0.15604751305085193	0.38827898552710804	2.561491374513077	0.12960568107853057	106.10264633250341	0.5608691758900877	0.798306405976171	1362.0	1797.0	0.3145667881915034	9.258948969183184	0.9790845917246238	0.10210361224625557
