model	nDCG	Recall	Precision	nDCGRendle2020	HR	F1	MAP	MAR	MRR	ACLT	APLT	ARP	PopREO	PopRSP	ItemCoverage	UserCoverage	Gini	SEntropy	EFD	EPC
output_exp_3_rec_artist_rerank_userknn_copy	0.23123960892382173	0.2808799498281969	0.04066777963272121	0.227777039724004	0.8464106844741235	0.07033825556006258	0.08799193755126429	0.22382498167139234	0.3909420670729156	4.981079577072899	0.15356573012297187	98.4520305750827	0.5067565465666005	0.7435062822910292	1457.0	1797.0	0.37911397449200956	9.487942299832298	0.8476880170896635	0.08835815265903496
