model	nDCG	Recall	Precision	nDCGRendle2020	HR	F1	MAP	MAR	MRR	ACLT	APLT	ARP	PopREO	PopRSP	ItemCoverage	UserCoverage	Gini	SEntropy	EFD	EPC
results_EXP_3_no_rerank	0.10844072333113314	0.13738385359479896	0.09681208053691276	0.12637860096922326	0.7600671140939598	0.0935151927038488	0.09396888043765707	0.07040461086166185	0.2123199279598624	2.8741610738255035	0.14370805369127518	65.3369966442953	0.7174168297455968	0.7603824403980728	1345.0	596.0	0.3009661182074045	9.489705373080067	0.8811244120511116	0.08095457828233303
