model	nDCG	Recall	Precision	nDCGRendle2020	HR	F1	MAP	MAR	MRR	ACLT	APLT	ARP	PopREO	PopRSP	ItemCoverage	UserCoverage	Gini	SEntropy	EFD	EPC
results_EXP_3_no_rerank	0.1827150084806199	0.3302052884309731	0.09583892617449666	0.19853263097574406	0.9194630872483222	0.1274147565568122	0.09520328884847348	0.1689124086553848	0.21750746006142463	7.290268456375839	0.1458053691275168	64.85724832214765	0.7175391428119564	0.7567863268505735	1533.0	596.0	0.3165052680955477	9.570154619106374	0.8806498832083783	0.08086622208949318
