model	nDCG	Recall	Precision	nDCGRendle2020	HR	F1	MAP	MAR	MRR	ACLT	APLT	ARP	PopREO	PopRSP	ItemCoverage	UserCoverage	Gini	SEntropy	EFD	EPC
results_EXP_3_no_rerank	0.0782951709865302	0.0666470341959786	0.09563758389261746	0.10138499758451731	0.5637583892617449	0.0652181194375509	0.09180062852881644	0.035760032754638335	0.19876291679982955	1.4161073825503356	0.14161073825503356	66.25872483221477	0.7097708717408481	0.7639756255346382	1145.0	596.0	0.27852529407519666	9.36513989839389	0.86718017358906	0.07967181718397973
