model	nDCG	Recall	Precision	nDCGRendle2020	HR	F1	MAP	MAR	MRR	ACLT	APLT	ARP	PopREO	PopRSP	ItemCoverage	UserCoverage	Gini	SEntropy	EFD	EPC
results_EXP_3_no_rerank	0.1884343213938801	0.3302052884309731	0.09583892617449666	0.20236039684267662	0.9194630872483222	0.1274147565568122	0.09611519034208377	0.16755805458296646	0.23292469733006346	7.290268456375839	0.1458053691275168	64.85724832214765	0.7175391428119564	0.7567863268505735	1533.0	596.0	0.3165052680955477	9.570154619106374	0.8874153874980151	0.08154863842594046
