model	nDCG	Recall	Precision	nDCGRendle2020	HR	F1	MAP	MAR	MRR	ACLT	APLT	ARP	PopREO	PopRSP	ItemCoverage	UserCoverage	Gini	SEntropy	EFD	EPC
results_EXP_3_no_rerank	0.08597824343375397	0.06862733739648047	0.09664429530201342	0.10537960537742991	0.5654362416107382	0.06781597659629565	0.09717075476723128	0.03873475791231342	0.2142011558538404	1.4580536912751678	0.1458053691275168	65.46191275167784	0.7954790096878364	0.7567863268505735	1167.0	596.0	0.2833324312621778	9.39450431129106	0.8871502767921442	0.081844118328894
