model	nDCG	Recall	Precision	nDCGRendle2020	HR	F1	MAP	MAR	MRR	ACLT	APLT	ARP	PopREO	PopRSP	ItemCoverage	UserCoverage	Gini	SEntropy	EFD	EPC
results_EXP_3_no_rerank	0.11154972888104138	0.12901449071215854	0.09605704697986577	0.12731582501495545	0.75	0.09148435883749506	0.09665772654723763	0.07010585180358225	0.227172653140535	2.860738255033557	0.14303691275167785	66.06644295302013	0.7519648328226989	0.7615325780815966	1354.0	596.0	0.29850238146785024	9.475081256819738	0.886417664365691	0.08166823880237833
