model	nDCG	Recall	Precision	nDCGRendle2020	HR	F1	MAP	MAR	MRR	ACLT	APLT	ARP	PopREO	PopRSP	ItemCoverage	UserCoverage	Gini	SEntropy	EFD	EPC
output_EXP_3_elliot	0.15187511242859741	0.18053770198341285	0.06547690461907618	0.1478642313974256	0.6682663467306539	0.09442732672626124	0.08878016010756645	0.11002176945563269	0.2681500711890996	3.0737852429514096	0.16066860678169065	96.90554762905758	0.5297458198139633	0.7300258624758753	1436.0	1665.0	0.3681924316917631	9.427878597844622	0.7223692210144613	0.07521417773930984
