model	nDCG	Recall	Precision	nDCGRendle2020	HR	F1	MAP	MAR	MRR	ACLT	APLT	ARP	PopREO	PopRSP	ItemCoverage	UserCoverage	Gini	SEntropy	EFD	EPC
output_EXP_3_elliot	0.18162132841154516	0.2743196598775483	0.0391121775644871	0.18344850882539102	0.7648470305938813	0.06778266566424498	0.06557545785268734	0.18842754782376855	0.2716862500405505	5.284343131373725	0.16243791672058433	94.45062637177325	0.47232223812758567	0.7086035524189828	1462.0	1665.0	0.3803786039097745	9.47507642006309	0.6700285095573086	0.06961963358099393
