model	nDCG	Recall	Precision	nDCGRendle2020	HR	F1	MAP	MAR	MRR	ACLT	APLT	ARP	PopREO	PopRSP	ItemCoverage	UserCoverage	Gini	SEntropy	EFD	EPC
output_EXP_3_elliot	0.12103487634894311	0.10840141495510422	0.07954409118176364	0.11309938061357973	0.5122975404919016	0.08971684138773013	0.1059891831157578	0.06949045905104693	0.2572026070976281	1.4913017396520696	0.1492675274468916	104.21038125708192	0.6161985981187725	0.7616188440784496	1341.0	1665.0	0.33365521947044896	9.258828732290059	0.8105376346617262	0.08487932168033181
