model	nDCG	Recall	Precision	nDCGRendle2020	HR	F1	MAP	MAR	MRR	ACLT	APLT	ARP	PopREO	PopRSP	ItemCoverage	UserCoverage	Gini	SEntropy	EFD	EPC
output_EXP_3_elliot	0.004999018499996621	0.006560773480662983	0.0012430939226519338	0.004999018499996622	0.012430939226519336	0.0020276684641325525	0.0021899938612645795	0.004845764272559853	0.006802486187845305	0.35773480662983426	0.043135578356572835	77.45269008155749	1.0	0.8637941689814397	436.0	625.0	0.03873626222801896	2.6625166436840493	0.01872177316473401	0.001988211764850081
