model	nDCG	Recall	Precision	nDCGRendle2020	HR	F1	MAP	MAR	MRR	ACLT	APLT	ARP	PopREO	PopRSP	ItemCoverage	UserCoverage	Gini	SEntropy	EFD	EPC
output_EXP_3_elliot	0.005864229448298517	0.009438305709023941	0.0004143646408839779	0.0058642294482985175	0.017955801104972375	0.0007879869390407097	0.000955972222731282	0.007702578268876611	0.007080753040697792	0.787292817679558	0.03232495869299708	76.33957712054047	1.0	0.8389970839138226	822.0	625.0	0.07228337060668577	3.2599502721332407	0.013821692121926632	0.001443217892800708
