model	nDCG	Recall	Precision	nDCGRendle2020	HR	F1	MAP	MAR	MRR	ACLT	APLT	ARP	PopREO	PopRSP	ItemCoverage	UserCoverage	Gini	SEntropy	EFD	EPC
output_EXP_3_elliot	0.005169261371809775	0.007021178637200736	0.0006906077348066298	0.005169261371809776	0.013812154696132596	0.0012353078501288926	0.0015448223178913954	0.0058874309392265185	0.006908733531661709	0.5441988950276243	0.036384887748838024	76.62828285319652	1.0	0.8529659905374073	638.0	625.0	0.05950551721909436	2.9511522338729783	0.015135595692672879	0.0015910384630820871
