Jaccard @10	ChatGPT-3.5	GPT3	PaLM		Jaccard @20	ChatGPT-3.5	GPT3	PaLM		Jaccard @50	ChatGPT-3.5	GPT3	PaLM
ChatGPT-3.5	1.00000	0.25473	0.22792		ChatGPT-3.5	1.00000	0.26832	0.24101		ChatGPT-3.5	1.00000	0.20604	0.16674
GPT3	0.25473	1.00000	0.22432		GPT3	0.26832	1.00000	0.23323		GPT3	0.20604	1.00000	0.18053
PaLM	0.22792	0.22432	1.00000		PaLM	0.24101	0.23323	1.00000		PaLM	0.16674	0.18053	1.00000
													
Kendall @10	ChatGPT-3.5	GPT3	PaLM		Kendall @20	ChatGPT-3.5	GPT3	PaLM		Kendall @50	ChatGPT-3.5	GPT3	PaLM
ChatGPT-3.5	1.00000	0.02698	0.05688		ChatGPT-3.5	1.00000	0.04899	0.06541		ChatGPT-3.5	1.00000	0.06479	0.06437
GPT3	0.02698	1.00000	0.04570		GPT3	0.04899	1.00000	0.06183		GPT3	0.06479	1.00000	0.06262
PaLM	0.05688	0.04570	1.00000		PaLM	0.06541	0.06183	1.00000		PaLM	0.06437	0.06262	1.00000
