model	nDCG	Recall	Precision	nDCGRendle2020	HR	F1	MAP	MAR	MRR	ACLT	APLT	ARP	PopREO	PopRSP	ItemCoverage	UserCoverage	Gini	SEntropy	EFD	EPC
output_exp_3_rec_movie_no_rerank_userknn	0.11034192825235936	0.13108984992310857	0.0973993288590604	0.12621533780622388	0.7533557046979866	0.09280287347649985	0.09689809450645039	0.06877113817444258	0.22920313033113535	2.9614093959731544	0.1480704697986577	65.03808724832214	0.7323943661971832	0.7528992308980809	1346.0	596.0	0.3011634011690847	9.492751191177723	0.8944672641202376	0.08229064614139085
