model	nDCG	Recall	Precision	nDCGRendle2020	HR	F1	MAP	MAR	MRR	ACLT	APLT	ARP	PopREO	PopRSP	ItemCoverage	UserCoverage	Gini	SEntropy	EFD	EPC
output_exp_3_rec_movie_no_rerank_userknn	0.18414120667161005	0.3302052884309731	0.09583892617449666	0.19933404332621324	0.9194630872483222	0.1274147565568122	0.0959552152556986	0.16702085379735931	0.23484352718831664	7.290268456375839	0.1458053691275168	64.85724832214765	0.7175391428119564	0.7567863268505735	1533.0	596.0	0.3165052680955477	9.570154619106376	0.887313717514249	0.08150127452761163
