model	nDCG	Recall	Precision	nDCGRendle2020	HR	F1	MAP	MAR	MRR	ACLT	APLT	ARP	PopREO	PopRSP	ItemCoverage	UserCoverage	Gini	SEntropy	EFD	EPC
output_exp_3_rec_movie_no_rerank_userknn	0.0825604501363593	0.06683849682847318	0.09983221476510067	0.10567551222247189	0.587248322147651	0.06717441653899879	0.09590331042931713	0.034952629770812184	0.21724659103014812	1.516778523489933	0.1516778523489933	65.15302013422819	0.7295373665480427	0.7467015992641515	1146.0	596.0	0.28106390272064685	9.38574979182073	0.9070346219042037	0.08347216917945634
