model	nDCG	Recall	Precision	nDCGRendle2020	HR	F1	MAP	MAR	MRR	ACLT	APLT	ARP	PopREO	PopRSP	ItemCoverage	UserCoverage	Gini	SEntropy	EFD	EPC
output_EXP_2_no_rerank	0.11005841716007576	0.15479863073118313	0.05053691275167786	0.1098335535851399	0.802013422818792	0.06432796553346763	0.06953714544357054	0.09102490861279519	0.21063946517767335	0.0	0.0	107.36096929815704	1.0	1.0	50.0	596.0	0.02452195308962246	5.630724638026068	0.6393992825180376	0.05831518769672781
